month,signal_count,avg_alpha_15d,avg_alpha_30d
2026-03,188,-1.5662612832517555,2.7071540714560505
2026-04,446,-1.7867923847437568,0.5030319452682991
2026-05,115,,
