year,signal_count,avg_alpha_15d,avg_alpha_30d
2026,749,-1.7115476532002063,2.0549980865540567
